Имя,Изображения,Цена,Производитель,Артикул,Объем,Категории,Исходный адрес
Кофейная чашка LECLCU23BG,http://posuda-mix.ru/upload/shop_1/1/5/6/item_15636/shop_items_catalog_image15636.png,937,RAK (Арабские Эмираты),LECLCU23BG,230 мл,Lea,http://posuda-mix.ru/shop/farfor/RAK/S_dekorom/1387/LECLCU23BG/
Кофейная чашка LECLCU20BL,http://posuda-mix.ru/upload/shop_1/1/5/6/item_15637/shop_items_catalog_image15637.png,836,RAK (Арабские Эмираты),LECLCU20BL,200 мл,Lea,http://posuda-mix.ru/shop/farfor/RAK/S_dekorom/1387/LECLCU20BL/
Кофейная чашка LECLCU23DG,http://posuda-mix.ru/upload/shop_1/1/5/6/item_15638/shop_items_catalog_image15638.png,937,RAK (Арабские Эмираты),LECLCU23DG,230 мл,Lea,http://posuda-mix.ru/shop/farfor/RAK/S_dekorom/1387/LECLCU23DG/
Кофейная чашка LECLCU23GY,http://posuda-mix.ru/upload/shop_1/1/5/6/item_15639/shop_items_catalog_image15639.png,937,RAK (Арабские Эмираты),LECLCU23GY,230 мл,Lea,http://posuda-mix.ru/shop/farfor/RAK/S_dekorom/1387/LECLCU23GY/
Кофейная чашка LECLCU20LG,http://posuda-mix.ru/upload/shop_1/1/5/6/item_15640/shop_items_catalog_image15640.png,836,RAK (Арабские Эмираты),LECLCU20LG,200 мл.,Lea,http://posuda-mix.ru/shop/farfor/RAK/S_dekorom/1387/LECLCU20LG/
Кофейная чашка LECLCU20NY,http://posuda-mix.ru/upload/shop_1/1/5/6/item_15641/shop_items_catalog_image15641.png,836,RAK (Арабские Эмираты),LECLCU20NY,200 мл,Lea,http://posuda-mix.ru/shop/farfor/RAK/S_dekorom/1387/LECLCU20NY/
Кофейная чашка LECLCU20OR,http://posuda-mix.ru/upload/shop_1/1/5/6/item_15642/shop_items_catalog_image15642.png,836,RAK (Арабские Эмираты),LECLCU20OR,200 мл,Lea,http://posuda-mix.ru/shop/farfor/RAK/S_dekorom/1387/LECLCU20OR/
Кофейная чашка LECLCU20RD,http://posuda-mix.ru/upload/shop_1/1/5/6/item_15643/shop_items_catalog_image15643.png,836,RAK (Арабские Эмираты),LECLCU20RD,200 мл,Lea,http://posuda-mix.ru/shop/farfor/RAK/S_dekorom/1387/LECLCU20RD/
Кофейная чашка LECLCU23BL,http://posuda-mix.ru/upload/shop_1/1/5/7/item_15717/shop_items_catalog_image15637.png,937,RAK (Арабские Эмираты),LECLCU23BL,230 мл,Lea,http://posuda-mix.ru/shop/farfor/RAK/S_dekorom/1387/LECLCU23BL/
Кофейная чашка LECLCU23LG,http://posuda-mix.ru/upload/shop_1/1/5/7/item_15718/shop_items_catalog_image15640.png,937,RAK (Арабские Эмираты),LECLCU23LG,230 мл.,Lea,http://posuda-mix.ru/shop/farfor/RAK/S_dekorom/1387/LECLCU23LG/
Кофейная чашка LECLCU23NY,http://posuda-mix.ru/upload/shop_1/1/5/7/item_15719/shop_items_catalog_image15641.png,937,RAK (Арабские Эмираты),LECLCU23NY,230 мл,Lea,http://posuda-mix.ru/shop/farfor/RAK/S_dekorom/1387/LECLCU23NY/
Кофейная чашка LECLCU23OR,http://posuda-mix.ru/upload/shop_1/1/5/7/item_15720/shop_items_catalog_image15642.png,937,RAK (Арабские Эмираты),LECLCU23OR,230 мл,Lea,http://posuda-mix.ru/shop/farfor/RAK/S_dekorom/1387/LECLCU23OR/
Кофейная чашка LECLCU23RD,http://posuda-mix.ru/upload/shop_1/1/5/7/item_15721/shop_items_catalog_image15643.png,937,RAK (Арабские Эмираты),LECLCU23RD,230 мл,Lea,http://posuda-mix.ru/shop/farfor/RAK/S_dekorom/1387/LECLCU23RD/
Кофейная чашка  LECLCU28BG,http://posuda-mix.ru/upload/shop_1/1/6/1/item_16164/shop_items_catalog_image15636.png,1 064,RAK (Арабские Эмираты),LECLCU28BG,280 мл,Lea,http://posuda-mix.ru/shop/farfor/RAK/S_dekorom/1387/16164/
Кофейная чашка LECLCU20BG,http://posuda-mix.ru/upload/shop_1/1/6/1/item_16165/shop_items_catalog_image15636.png,836,RAK (Арабские Эмираты),LECLCU20BG,200 мл,Lea,http://posuda-mix.ru/shop/farfor/RAK/S_dekorom/1387/16165/
Кофейная чашка LECLCU09BG,http://posuda-mix.ru/upload/shop_1/1/6/1/item_16166/shop_items_catalog_image15636.png,569,RAK (Арабские Эмираты),LECLCU09BG,90 мл,Lea,http://posuda-mix.ru/shop/farfor/RAK/S_dekorom/1387/16166/
Кофейная чашка  LECLCU28NY,http://posuda-mix.ru/upload/shop_1/1/6/1/item_16167/shop_items_catalog_image15641.png,1 064,RAK (Арабские Эмираты),LECLCU28NY,280 мл,Lea,http://posuda-mix.ru/shop/farfor/RAK/S_dekorom/1387/16167/
Кофейная чашка LECLCU09NY,http://posuda-mix.ru/upload/shop_1/1/6/1/item_16169/shop_items_catalog_image15641.png,569,RAK (Арабские Эмираты),LECLCU09NY,90 мл,Lea,http://posuda-mix.ru/shop/farfor/RAK/S_dekorom/1387/16169/
Кофейная чашка LECLCU28OR,http://posuda-mix.ru/upload/shop_1/1/6/1/item_16170/shop_items_catalog_image15642.png,1 064,RAK (Арабские Эмираты),LECLCU28OR,280 мл,Lea,http://posuda-mix.ru/shop/farfor/RAK/S_dekorom/1387/16170/
Кофейная чашка LECLCU09OR,http://posuda-mix.ru/upload/shop_1/1/6/1/item_16171/shop_items_catalog_image15642.png,569,RAK (Арабские Эмираты),LECLCU09OR,90 мл,Lea,http://posuda-mix.ru/shop/farfor/RAK/S_dekorom/1387/16171/
Кофейная чашка LECLCU28RD,http://posuda-mix.ru/upload/shop_1/1/6/1/item_16172/shop_items_catalog_image15643.png,1 064,RAK (Арабские Эмираты),LECLCU28RD,280 мл,Lea,http://posuda-mix.ru/shop/farfor/RAK/S_dekorom/1387/16172/
Кофейная чашка LECLCU09RD,http://posuda-mix.ru/upload/shop_1/1/6/1/item_16173/shop_items_catalog_image15643.png,569,RAK (Арабские Эмираты),LECLCU09RD,90 мл,Lea,http://posuda-mix.ru/shop/farfor/RAK/S_dekorom/1387/16173/
Кофейная чашка  LECLCU28LG,http://posuda-mix.ru/upload/shop_1/1/6/1/item_16174/shop_items_catalog_image15640.png,1 064,RAK (Арабские Эмираты),LECLCU28LG,280 мл.,Lea,http://posuda-mix.ru/shop/farfor/RAK/S_dekorom/1387/16174/
Кофейная чашка  LECLCU09LG,http://posuda-mix.ru/upload/shop_1/1/6/1/item_16175/shop_items_catalog_image15640.png,569,RAK (Арабские Эмираты),LECLCU09LG,90 мл.,Lea,http://posuda-mix.ru/shop/farfor/RAK/S_dekorom/1387/16175/
Кофейная чашка LECLCU28DG,http://posuda-mix.ru/upload/shop_1/1/6/1/item_16176/shop_items_catalog_image15638.png,1 064,RAK (Арабские Эмираты),LECLCU28DG,280 мл,Lea,http://posuda-mix.ru/shop/farfor/RAK/S_dekorom/1387/16176/
Кофейная чашка LECLCU20DG,http://posuda-mix.ru/upload/shop_1/1/6/1/item_16177/shop_items_catalog_image15638.png,836,RAK (Арабские Эмираты),LECLCU20DG,200 мл,Lea,http://posuda-mix.ru/shop/farfor/RAK/S_dekorom/1387/16177/
Кофейная чашка LECLCU09DG,http://posuda-mix.ru/upload/shop_1/1/6/1/item_16178/shop_items_catalog_image15638.png,569,RAK (Арабские Эмираты),LECLCU09DG,90 мл,Lea,http://posuda-mix.ru/shop/farfor/RAK/S_dekorom/1387/16178/
Кофейная чашка LECLCU28BL,http://posuda-mix.ru/upload/shop_1/1/6/1/item_16179/shop_items_catalog_image15637.png,1 064,RAK (Арабские Эмираты),LECLCU28BL,280 мл,Lea,http://posuda-mix.ru/shop/farfor/RAK/S_dekorom/1387/16179/
Кофейная чашка  LECLCU09BL,http://posuda-mix.ru/upload/shop_1/1/6/1/item_16180/shop_items_catalog_image15637.png,569,RAK (Арабские Эмираты),LECLCU09BL,90 мл,Lea,http://posuda-mix.ru/shop/farfor/RAK/S_dekorom/1387/16180/
Кофейная чашка  LECLCU28GY,http://posuda-mix.ru/upload/shop_1/1/6/1/item_16181/shop_items_catalog_image15639.png,1 064,RAK (Арабские Эмираты),LECLCU28GY,280 мл,Lea,http://posuda-mix.ru/shop/farfor/RAK/S_dekorom/1387/16181/
Кофейная чашка  LECLCU20GY,http://posuda-mix.ru/upload/shop_1/1/6/1/item_16182/shop_items_catalog_image15639.png,836,RAK (Арабские Эмираты),LECLCU20GY,200 мл,Lea,http://posuda-mix.ru/shop/farfor/RAK/S_dekorom/1387/16182/
Кофейная чашка LECLCU09GY,http://posuda-mix.ru/upload/shop_1/1/6/1/item_16183/shop_items_catalog_image15639.png,569,RAK (Арабские Эмираты),LECLCU09GY,90 мл,Lea,http://posuda-mix.ru/shop/farfor/RAK/S_dekorom/1387/16183/
Плоская тарелка LENNPR24BL,http://posuda-mix.ru/upload/shop_1/1/5/6/item_15685/shop_items_catalog_image15685.png,635,RAK (Арабские Эмираты),LENNPR24BL,24 см.,Lea,http://posuda-mix.ru/shop/farfor/RAK/S_dekorom/1387/LENNPR24BL/
Плоская тарелка LENNPR24DG,http://posuda-mix.ru/upload/shop_1/1/5/6/item_15686/shop_items_catalog_image15686.png,635,RAK (Арабские Эмираты),LENNPR24DG,24 см.,Lea,http://posuda-mix.ru/shop/farfor/RAK/S_dekorom/1387/LENNPR24DG/
Плоская тарелка LENNPR24GY,http://posuda-mix.ru/upload/shop_1/1/5/6/item_15687/shop_items_catalog_image15687.png,635,RAK (Арабские Эмираты),LENNPR24GY,24 см.,Lea,http://posuda-mix.ru/shop/farfor/RAK/S_dekorom/1387/LENNPR24GY/
Плоская тарелка LENNPR24LG,http://posuda-mix.ru/upload/shop_1/1/5/6/item_15688/shop_items_catalog_image15688.png,635,RAK (Арабские Эмираты),LENNPR24LG,24 см.,Lea,http://posuda-mix.ru/shop/farfor/RAK/S_dekorom/1387/LENNPR24LG/
Плоская тарелка LENNPR24NY,http://posuda-mix.ru/upload/shop_1/1/5/6/item_15689/shop_items_catalog_image15689.png,635,RAK (Арабские Эмираты),LENNPR24NY,24 см.,Lea,http://posuda-mix.ru/shop/farfor/RAK/S_dekorom/1387/LENNPR24NY/
Плоская тарелка LENNPR24OR,http://posuda-mix.ru/upload/shop_1/1/5/6/item_15690/shop_items_catalog_image15690.png,635,RAK (Арабские Эмираты),LENNPR24OR,24 см.,Lea,http://posuda-mix.ru/shop/farfor/RAK/S_dekorom/1387/LENNPR24OR/
Плоская тарелка LENNPR24RD,http://posuda-mix.ru/upload/shop_1/1/5/6/item_15691/shop_items_catalog_image15691.png,635,RAK (Арабские Эмираты),LENNPR24RD,24 см.,Lea,http://posuda-mix.ru/shop/farfor/RAK/S_dekorom/1387/LENNPR24RD/
Плоская тарелка LENNPR31GY,http://posuda-mix.ru/upload/shop_1/1/6/1/item_16184/shop_items_catalog_image15687.png,1 522,RAK (Арабские Эмираты),LENNPR31GY,31 см.,Lea,http://posuda-mix.ru/shop/farfor/RAK/S_dekorom/1387/16184/
Плоская тарелка  LENNPR29GY,http://posuda-mix.ru/upload/shop_1/1/6/1/item_16185/shop_items_catalog_image15687.png,1 322,RAK (Арабские Эмираты),LENNPR29GY,29 см.,Lea,http://posuda-mix.ru/shop/farfor/RAK/S_dekorom/1387/16185/
Плоская тарелка LENNPR27GY,http://posuda-mix.ru/upload/shop_1/1/6/1/item_16186/shop_items_catalog_image15687.png,934,RAK (Арабские Эмираты),LENNPR27GY,27 см.,Lea,http://posuda-mix.ru/shop/farfor/RAK/S_dekorom/1387/16186/
Плоская тарелка LENNPR18GY,http://posuda-mix.ru/upload/shop_1/1/6/1/item_16188/shop_items_catalog_image15687.png,521,RAK (Арабские Эмираты),LENNPR18GY,18 см.,Lea,http://posuda-mix.ru/shop/farfor/RAK/S_dekorom/1387/16188/
Плоская тарелка  LENNPR21GY,http://posuda-mix.ru/upload/shop_1/1/6/1/item_16189/shop_items_catalog_image15687.png,588,RAK (Арабские Эмираты),LENNPR21GY,21 см.,Lea,http://posuda-mix.ru/shop/farfor/RAK/S_dekorom/1387/16189/
Плоская тарелка LENNPR15GY,http://posuda-mix.ru/upload/shop_1/1/6/1/item_16190/shop_items_catalog_image15687.png,471,RAK (Арабские Эмираты),LENNPR15GY,15 см.,Lea,http://posuda-mix.ru/shop/farfor/RAK/S_dekorom/1387/16190/
Плоская тарелка  LENNPR31BL,http://posuda-mix.ru/upload/shop_1/1/6/1/item_16191/shop_items_catalog_image15685.png,1 522,RAK (Арабские Эмираты),LENNPR31BL,31 см.,Lea,http://posuda-mix.ru/shop/farfor/RAK/S_dekorom/1387/16191/
Плоская тарелка LENNPR29BL,http://posuda-mix.ru/upload/shop_1/1/6/1/item_16192/shop_items_catalog_image15685.png,1 322,RAK (Арабские Эмираты),LENNPR29BL,29 см.,Lea,http://posuda-mix.ru/shop/farfor/RAK/S_dekorom/1387/16192/
Плоская тарелка LENNPR27BL,http://posuda-mix.ru/upload/shop_1/1/6/1/item_16193/shop_items_catalog_image15685.png,934,RAK (Арабские Эмираты),LENNPR27BL,27 см.,Lea,http://posuda-mix.ru/shop/farfor/RAK/S_dekorom/1387/16193/
Плоская тарелка  LENNPR21BL,http://posuda-mix.ru/upload/shop_1/1/6/1/item_16194/shop_items_catalog_image15685.png,588,RAK (Арабские Эмираты),LENNPR21BL,21 см.,Lea,http://posuda-mix.ru/shop/farfor/RAK/S_dekorom/1387/16194/
Плоская тарелка LENNPR18BL,http://posuda-mix.ru/upload/shop_1/1/6/1/item_16195/shop_items_catalog_image15685.png,521,RAK (Арабские Эмираты),LENNPR18BL,18 см.,Lea,http://posuda-mix.ru/shop/farfor/RAK/S_dekorom/1387/16195/
Плоская тарелка  LENNPR15BL,http://posuda-mix.ru/upload/shop_1/1/6/1/item_16196/shop_items_catalog_image15685.png,471,RAK (Арабские Эмираты),LENNPR15BL,15 см.,Lea,http://posuda-mix.ru/shop/farfor/RAK/S_dekorom/1387/16196/
Плоская тарелка  LENNPR31DG,http://posuda-mix.ru/upload/shop_1/1/6/1/item_16197/shop_items_catalog_image15686.png,1 522,RAK (Арабские Эмираты),LENNPR31DG,31 см.,Lea,http://posuda-mix.ru/shop/farfor/RAK/S_dekorom/1387/16197/
Плоская тарелка LENNPR18DG,http://posuda-mix.ru/upload/shop_1/1/6/1/item_16198/shop_items_catalog_image15686.png,521,RAK (Арабские Эмираты),LENNPR18DG,18 см.,Lea,http://posuda-mix.ru/shop/farfor/RAK/S_dekorom/1387/16198/
Плоская тарелка LENNPR27DG,http://posuda-mix.ru/upload/shop_1/1/6/1/item_16199/shop_items_catalog_image15686.png,934,RAK (Арабские Эмираты),LENNPR27DG,27 см.,Lea,http://posuda-mix.ru/shop/farfor/RAK/S_dekorom/1387/16199/
Плоская тарелка LENNPR21DG,http://posuda-mix.ru/upload/shop_1/1/6/2/item_16200/shop_items_catalog_image15686.png,588,RAK (Арабские Эмираты),LENNPR21DG,21 см.,Lea,http://posuda-mix.ru/shop/farfor/RAK/S_dekorom/1387/16200/
Плоская тарелка  LENNPR18DG,http://posuda-mix.ru/upload/shop_1/1/6/2/item_16201/shop_items_catalog_image15686.png,по запросу,RAK (Арабские Эмираты),LENNPR18DG,18 см.,Lea,http://posuda-mix.ru/shop/farfor/RAK/S_dekorom/1387/16201/
Плоская тарелка  LENNPR15DG,http://posuda-mix.ru/upload/shop_1/1/6/2/item_16202/shop_items_catalog_image15686.png,471,RAK (Арабские Эмираты),LENNPR15DG,15 см.,Lea,http://posuda-mix.ru/shop/farfor/RAK/S_dekorom/1387/16202/
Плоская тарелка  LENNPR31LG,http://posuda-mix.ru/upload/shop_1/1/6/2/item_16203/shop_items_catalog_image15688.png,1 522,RAK (Арабские Эмираты),LENNPR31LG,31 см.,Lea,http://posuda-mix.ru/shop/farfor/RAK/S_dekorom/1387/16203/
Плоская тарелка LENNPR29LG,http://posuda-mix.ru/upload/shop_1/1/6/2/item_16204/shop_items_catalog_image15688.png,1 322,RAK (Арабские Эмираты),LENNPR29LG,29 см.,Lea,http://posuda-mix.ru/shop/farfor/RAK/S_dekorom/1387/16204/
Плоская тарелка LENNPR27LG,http://posuda-mix.ru/upload/shop_1/1/6/2/item_16206/shop_items_catalog_image15688.png,934,RAK (Арабские Эмираты),LENNPR27LG,27 см.,Lea,http://posuda-mix.ru/shop/farfor/RAK/S_dekorom/1387/16206/
Плоская тарелка  LENNPR21LG,http://posuda-mix.ru/upload/shop_1/1/6/2/item_16207/shop_items_catalog_image15688.png,588,RAK (Арабские Эмираты),LENNPR21LG,21 см.,Lea,http://posuda-mix.ru/shop/farfor/RAK/S_dekorom/1387/16207/
Плоская тарелка  LENNPR18LG,http://posuda-mix.ru/upload/shop_1/1/6/2/item_16208/shop_items_catalog_image15688.png,521,RAK (Арабские Эмираты),LENNPR18LG,18 см.,Lea,http://posuda-mix.ru/shop/farfor/RAK/S_dekorom/1387/16208/
Плоская тарелка LENNPR15LG,http://posuda-mix.ru/upload/shop_1/1/6/2/item_16209/shop_items_catalog_image15688.png,471,RAK (Арабские Эмираты),LENNPR15LG,15 см.,Lea,http://posuda-mix.ru/shop/farfor/RAK/S_dekorom/1387/16209/
Плоская тарелка LENNPR31RD,http://posuda-mix.ru/upload/shop_1/1/6/2/item_16211/shop_items_catalog_image15691.png,1 522,RAK (Арабские Эмираты),LENNPR31RD,31 см.,Lea,http://posuda-mix.ru/shop/farfor/RAK/S_dekorom/1387/16211/
Плоская тарелка  LENNPR29RD,http://posuda-mix.ru/upload/shop_1/1/6/2/item_16212/shop_items_catalog_image15691.png,1 322,RAK (Арабские Эмираты),LENNPR29RD,29 см.,Lea,http://posuda-mix.ru/shop/farfor/RAK/S_dekorom/1387/16212/
Плоская тарелка  LENNPR27RD,http://posuda-mix.ru/upload/shop_1/1/6/2/item_16213/shop_items_catalog_image15691.png,934,RAK (Арабские Эмираты),LENNPR27RD,27 см.,Lea,http://posuda-mix.ru/shop/farfor/RAK/S_dekorom/1387/16213/
Плоская тарелка  LENNPR21RD,http://posuda-mix.ru/upload/shop_1/1/6/2/item_16214/shop_items_catalog_image15691.png,588,RAK (Арабские Эмираты),LENNPR21RD,21 см.,Lea,http://posuda-mix.ru/shop/farfor/RAK/S_dekorom/1387/16214/
Плоская тарелка LENNPR18RD,http://posuda-mix.ru/upload/shop_1/1/6/2/item_16215/shop_items_catalog_image15691.png,521,RAK (Арабские Эмираты),LENNPR18RD,18 см.,Lea,http://posuda-mix.ru/shop/farfor/RAK/S_dekorom/1387/16215/
Плоская тарелка  LENNPR15RD,http://posuda-mix.ru/upload/shop_1/1/6/2/item_16216/shop_items_catalog_image15691.png,471,RAK (Арабские Эмираты),LENNPR15RD,15 см.,Lea,http://posuda-mix.ru/shop/farfor/RAK/S_dekorom/1387/16216/
Плоская тарелка  LENNPR24RD,http://posuda-mix.ru/upload/shop_1/1/6/2/item_16217/shop_items_catalog_image15691.png,по запросу,RAK (Арабские Эмираты),LENNPR24RD,24 см.,Lea,http://posuda-mix.ru/shop/farfor/RAK/S_dekorom/1387/16217/
Плоская тарелка  LENNPR31OR,http://posuda-mix.ru/upload/shop_1/1/6/2/item_16218/shop_items_catalog_image15690.png,1 522,RAK (Арабские Эмираты),LENNPR31OR,31 см.,Lea,http://posuda-mix.ru/shop/farfor/RAK/S_dekorom/1387/16218/
Плоская тарелка LENNPR29OR,http://posuda-mix.ru/upload/shop_1/1/6/2/item_16219/shop_items_catalog_image15690.png,1 322,RAK (Арабские Эмираты),LENNPR29OR,29 см.,Lea,http://posuda-mix.ru/shop/farfor/RAK/S_dekorom/1387/16219/
Плоская тарелка LENNPR27OR,http://posuda-mix.ru/upload/shop_1/1/6/2/item_16220/shop_items_catalog_image15690.png,934,RAK (Арабские Эмираты),LENNPR27OR,27 см.,Lea,http://posuda-mix.ru/shop/farfor/RAK/S_dekorom/1387/16220/
Плоская тарелка LENNPR21OR,http://posuda-mix.ru/upload/shop_1/1/6/2/item_16221/shop_items_catalog_image15690.png,588,RAK (Арабские Эмираты),LENNPR21OR,21 см.,Lea,http://posuda-mix.ru/shop/farfor/RAK/S_dekorom/1387/16221/
Плоская тарелка  LENNPR18OR,http://posuda-mix.ru/upload/shop_1/1/6/2/item_16222/shop_items_catalog_image15690.png,521,RAK (Арабские Эмираты),LENNPR18OR,18 см.,Lea,http://posuda-mix.ru/shop/farfor/RAK/S_dekorom/1387/16222/
Плоская тарелка LENNPR15OR,http://posuda-mix.ru/upload/shop_1/1/6/2/item_16223/shop_items_catalog_image15690.png,471,RAK (Арабские Эмираты),LENNPR15OR,15 см.,Lea,http://posuda-mix.ru/shop/farfor/RAK/S_dekorom/1387/16223/
Плоская тарелка LENNPR31NY,http://posuda-mix.ru/upload/shop_1/1/6/2/item_16224/shop_items_catalog_image15689.png,1 522,RAK (Арабские Эмираты),LENNPR31NY,31 см.,Lea,http://posuda-mix.ru/shop/farfor/RAK/S_dekorom/1387/16224/
Плоская тарелка LENNPR29NY,http://posuda-mix.ru/upload/shop_1/1/6/2/item_16225/shop_items_catalog_image15689.png,1 322,RAK (Арабские Эмираты),LENNPR29NY,29 см.,Lea,http://posuda-mix.ru/shop/farfor/RAK/S_dekorom/1387/16225/
Плоская тарелка  LENNPR31NY,http://posuda-mix.ru/upload/shop_1/1/6/2/item_16226/shop_items_catalog_image15689.png,по запросу,RAK (Арабские Эмираты),LENNPR31NY,31 см.,Lea,http://posuda-mix.ru/shop/farfor/RAK/S_dekorom/1387/16226/
Плоская тарелка  LENNPR27NY,http://posuda-mix.ru/upload/shop_1/1/6/2/item_16227/shop_items_catalog_image15689.png,934,RAK (Арабские Эмираты),LENNPR27NY,27 см.,Lea,http://posuda-mix.ru/shop/farfor/RAK/S_dekorom/1387/16227/
Плоская тарелка  LENNPR21NY,http://posuda-mix.ru/upload/shop_1/1/6/2/item_16228/shop_items_catalog_image15689.png,588,RAK (Арабские Эмираты),LENNPR21NY,21 см.,Lea,http://posuda-mix.ru/shop/farfor/RAK/S_dekorom/1387/16228/
Плоская тарелка  LENNPR18NY,http://posuda-mix.ru/upload/shop_1/1/6/2/item_16229/shop_items_catalog_image15689.png,521,RAK (Арабские Эмираты),LENNPR18NY,18 см.,Lea,http://posuda-mix.ru/shop/farfor/RAK/S_dekorom/1387/16229/
Плоская тарелка  LENNPR15NY,http://posuda-mix.ru/upload/shop_1/1/6/2/item_16230/shop_items_catalog_image15689.png,471,RAK (Арабские Эмираты),LENNPR15NY,15 см.,Lea,http://posuda-mix.ru/shop/farfor/RAK/S_dekorom/1387/16230/
Прямоугольная сервировочная тарелка LEEDRG33GY,http://posuda-mix.ru/upload/shop_1/1/5/6/item_15655/shop_items_catalog_image15655.png,1 770,RAK (Арабские Эмираты),LEEDRG33GY,"33,5x18,1 см.",Lea,http://posuda-mix.ru/shop/farfor/RAK/S_dekorom/1387/LEEDRG33GY/
Прямоугольная сервировочная тарелка LEEDRG33OR,http://posuda-mix.ru/upload/shop_1/1/5/6/item_15658/shop_items_catalog_image15658.png,1 770,RAK (Арабские Эмираты),LEEDRG33OR,"33,5x18,1 см.",Lea,http://posuda-mix.ru/shop/farfor/RAK/S_dekorom/1387/LEEDRG33OR/
Прямоугольная сервировочная тарелка LEEDRG33RD,http://posuda-mix.ru/upload/shop_1/1/5/6/item_15659/shop_items_catalog_image15659.png,1 770,RAK (Арабские Эмираты),LEEDRG33RD,"33,5x18,1 см.",Lea,http://posuda-mix.ru/shop/farfor/RAK/S_dekorom/1387/LEEDRG33RD/
Тарелка под чашку LECLSA15BG,http://posuda-mix.ru/upload/shop_1/1/5/6/item_15644/shop_items_catalog_image15644.png,572,RAK (Арабские Эмираты),LECLSA15BG,"d=15 см., для чашки 20,23 cl",Lea,http://posuda-mix.ru/shop/farfor/RAK/S_dekorom/1387/LECLSA15BG/
Тарелка под чашку LECLSA15BL,http://posuda-mix.ru/upload/shop_1/1/5/6/item_15645/shop_items_catalog_image15645.png,572,RAK (Арабские Эмираты),LECLSA15BL,"d=15 см., для чашки 20,23 cl",Lea,http://posuda-mix.ru/shop/farfor/RAK/S_dekorom/1387/LECLSA15BL/
Тарелка под чашку LECLSA15DG,http://posuda-mix.ru/upload/shop_1/1/5/6/item_15646/shop_items_catalog_image15646.png,572,RAK (Арабские Эмираты),LECLSA15DG,"d=15 см., для чашки 20,23 cl",Lea,http://posuda-mix.ru/shop/farfor/RAK/S_dekorom/1387/LECLSA15DG/
Тарелка под чашку LECLSA15GY,http://posuda-mix.ru/upload/shop_1/1/5/6/item_15647/shop_items_catalog_image15647.png,572,RAK (Арабские Эмираты),LECLSA15GY,"d=15 см., для чашки 20,23 cl",Lea,http://posuda-mix.ru/shop/farfor/RAK/S_dekorom/1387/LECLSA15GY/
Тарелка под чашку LECLSA15LG,http://posuda-mix.ru/upload/shop_1/1/5/6/item_15648/shop_items_catalog_image15648.png,572,RAK (Арабские Эмираты),LECLSA15LG,"d=15 см., для чашки 20,23 cl",Lea,http://posuda-mix.ru/shop/farfor/RAK/S_dekorom/1387/LECLSA15LG/
Тарелка под чашку LECLSA15NY,http://posuda-mix.ru/upload/shop_1/1/5/6/item_15649/shop_items_catalog_image15649.png,572,RAK (Арабские Эмираты),LECLSA15NY,"d=15 см., для чашки 20,23 cl",Lea,http://posuda-mix.ru/shop/farfor/RAK/S_dekorom/1387/LECLSA15NY/
Тарелка под чашку LECLSA15OR,http://posuda-mix.ru/upload/shop_1/1/5/6/item_15650/shop_items_catalog_image15650.png,572,RAK (Арабские Эмираты),LECLSA15OR,"d=15 см., для чашки 20,23 cl",Lea,http://posuda-mix.ru/shop/farfor/RAK/S_dekorom/1387/LECLSA15OR/
Тарелка под чашку LECLSA15RD,http://posuda-mix.ru/upload/shop_1/1/5/6/item_15651/shop_items_catalog_image15651.png,572,RAK (Арабские Эмираты),LECLSA15RD,"d=15 см., для чашки 20,23 cl",Lea,http://posuda-mix.ru/shop/farfor/RAK/S_dekorom/1387/LECLSA15RD/
Тарелка под чашку  LECLSA17GY,http://posuda-mix.ru/upload/shop_1/1/6/2/item_16261/shop_items_catalog_image15647.png,689,RAK (Арабские Эмираты),LECLSA17GY,d=17 см,Lea,http://posuda-mix.ru/shop/farfor/RAK/S_dekorom/1387/16261/
Тарелка под чашку  LECLSA13GY,http://posuda-mix.ru/upload/shop_1/1/6/2/item_16262/shop_items_catalog_image15647.png,477,RAK (Арабские Эмираты),LECLSA13GY,d=13 см,Lea,http://posuda-mix.ru/shop/farfor/RAK/S_dekorom/1387/16262/
Тарелка под чашку  LECLSA17BL,http://posuda-mix.ru/upload/shop_1/1/6/2/item_16263/shop_items_catalog_image15645.png,689,RAK (Арабские Эмираты),LECLSA17BL,d=17 см.,Lea,http://posuda-mix.ru/shop/farfor/RAK/S_dekorom/1387/16263/
Тарелка под чашку  LECLSA13BL,http://posuda-mix.ru/upload/shop_1/1/6/2/item_16264/shop_items_catalog_image15645.png,477,RAK (Арабские Эмираты),LECLSA13BL,d=13 см,Lea,http://posuda-mix.ru/shop/farfor/RAK/S_dekorom/1387/16264/
Тарелка под чашку  LECLSA17DG,http://posuda-mix.ru/upload/shop_1/1/6/2/item_16265/shop_items_catalog_image15646.png,689,RAK (Арабские Эмираты),LECLSA17DG,d=17 см,Lea,http://posuda-mix.ru/shop/farfor/RAK/S_dekorom/1387/16265/
Тарелка под чашку  LECLSA13DG,http://posuda-mix.ru/upload/shop_1/1/6/2/item_16266/shop_items_catalog_image15646.png,477,RAK (Арабские Эмираты),LECLSA13DG,d=13 см,Lea,http://posuda-mix.ru/shop/farfor/RAK/S_dekorom/1387/16266/
