Имя,Изображения,Цена,Производитель,Артикул,Краткое описание,Категории,Исходный адрес
Тарелка под чашку  LECLSA17LG,http://posuda-mix.ru/upload/shop_1/1/6/2/item_16267/shop_items_catalog_image15648.png,689,RAK (Арабские Эмираты),LECLSA17LG,d=17 см,Фарфоровая посуда > RAK Porcelain (ОАЭ) > С декором > Lea,http://posuda-mix.ru/shop/farfor/RAK/S_dekorom/1387/16267/
Тарелка под чашку LECLSA13LG,http://posuda-mix.ru/upload/shop_1/1/6/2/item_16268/shop_items_catalog_image15648.png,477,RAK (Арабские Эмираты),LECLSA13LG,d=13 см,Фарфоровая посуда > RAK Porcelain (ОАЭ) > С декором > Lea,http://posuda-mix.ru/shop/farfor/RAK/S_dekorom/1387/16268/
Тарелка под чашку LECLSA17RD,http://posuda-mix.ru/upload/shop_1/1/6/2/item_16269/shop_items_catalog_image15651.png,689,RAK (Арабские Эмираты),LECLSA17RD,d=17 см,Фарфоровая посуда > RAK Porcelain (ОАЭ) > С декором > Lea,http://posuda-mix.ru/shop/farfor/RAK/S_dekorom/1387/16269/
Тарелка под чашку  LECLSA13RD,http://posuda-mix.ru/upload/shop_1/1/6/2/item_16270/shop_items_catalog_image15651.png,477,RAK (Арабские Эмираты),LECLSA13RD,d=13 см,Фарфоровая посуда > RAK Porcelain (ОАЭ) > С декором > Lea,http://posuda-mix.ru/shop/farfor/RAK/S_dekorom/1387/16270/
Тарелка под чашку  LECLSA17OR,http://posuda-mix.ru/upload/shop_1/1/6/2/item_16271/shop_items_catalog_image15650.png,689,RAK (Арабские Эмираты),LECLSA17OR,d=17 см,Фарфоровая посуда > RAK Porcelain (ОАЭ) > С декором > Lea,http://posuda-mix.ru/shop/farfor/RAK/S_dekorom/1387/16271/
Тарелка под чашку  LECLSA13OR,http://posuda-mix.ru/upload/shop_1/1/6/2/item_16272/shop_items_catalog_image15650.png,477,RAK (Арабские Эмираты),LECLSA13OR,d=13 см,Фарфоровая посуда > RAK Porcelain (ОАЭ) > С декором > Lea,http://posuda-mix.ru/shop/farfor/RAK/S_dekorom/1387/16272/
Тарелка под чашку LECLSA17NY,http://posuda-mix.ru/upload/shop_1/1/6/2/item_16273/shop_items_catalog_image15649.png,689,RAK (Арабские Эмираты),LECLSA17NY,d=17 смl,Фарфоровая посуда > RAK Porcelain (ОАЭ) > С декором > Lea,http://posuda-mix.ru/shop/farfor/RAK/S_dekorom/1387/16273/
Тарелка под чашку  LECLSA13NY,http://posuda-mix.ru/upload/shop_1/1/6/2/item_16274/shop_items_catalog_image15649.png,477,RAK (Арабские Эмираты),LECLSA13NY,d=13 см,Фарфоровая посуда > RAK Porcelain (ОАЭ) > С декором > Lea,http://posuda-mix.ru/shop/farfor/RAK/S_dekorom/1387/16274/
Тарелка под чашку LECLSA17BG,http://posuda-mix.ru/upload/shop_1/1/6/2/item_16275/shop_items_catalog_image15644.png,689,RAK (Арабские Эмираты),LECLSA17BG,d=17 см,Фарфоровая посуда > RAK Porcelain (ОАЭ) > С декором > Lea,http://posuda-mix.ru/shop/farfor/RAK/S_dekorom/1387/16275/
Тарелка под чашку  LECLSA13BG,http://posuda-mix.ru/upload/shop_1/1/6/2/item_16276/shop_items_catalog_image15644.png,477,RAK (Арабские Эмираты),LECLSA13BG,d=13 см,Фарфоровая посуда > RAK Porcelain (ОАЭ) > С декором > Lea,http://posuda-mix.ru/shop/farfor/RAK/S_dekorom/1387/16276/
Глубокая миска LENNBW20BG,http://posuda-mix.ru/upload/shop_1/1/5/6/item_15668/shop_items_catalog_image15668.png,1 036,RAK (Арабские Эмираты),LENNBW20BG,"20 см., 900 мл.",Фарфоровая посуда > RAK Porcelain (ОАЭ) > С декором > Lea,http://posuda-mix.ru/shop/farfor/RAK/S_dekorom/1387/LENNBW20BG/
Глубокая миска  LENNBW20BL,http://posuda-mix.ru/upload/shop_1/1/5/6/item_15669/shop_items_catalog_image15669.png,1 036,RAK (Арабские Эмираты),LENNBW20BL,"20 см., 900 мл.",Фарфоровая посуда > RAK Porcelain (ОАЭ) > С декором > Lea,http://posuda-mix.ru/shop/farfor/RAK/S_dekorom/1387/LENNBW20BL/
Глубокая миска  LENNBW20DG,http://posuda-mix.ru/upload/shop_1/1/5/6/item_15670/shop_items_catalog_image15670.png,1 036,RAK (Арабские Эмираты),LENNBW20DG,"20 см., 900 мл.",Фарфоровая посуда > RAK Porcelain (ОАЭ) > С декором > Lea,http://posuda-mix.ru/shop/farfor/RAK/S_dekorom/1387/LENNBW20DG/
Глубокая миска LENNBW20GY,http://posuda-mix.ru/upload/shop_1/1/5/6/item_15671/shop_items_catalog_image15671.png,1 036,RAK (Арабские Эмираты),LENNBW20GY,"20 см., 900 мл.",Фарфоровая посуда > RAK Porcelain (ОАЭ) > С декором > Lea,http://posuda-mix.ru/shop/farfor/RAK/S_dekorom/1387/LENNBW20GY/
Глубокая миска  LENNBW20LG,http://posuda-mix.ru/upload/shop_1/1/5/6/item_15672/shop_items_catalog_image15672.png,1 036,RAK (Арабские Эмираты),LENNBW20LG,"20 см., 900 мл.",Фарфоровая посуда > RAK Porcelain (ОАЭ) > С декором > Lea,http://posuda-mix.ru/shop/farfor/RAK/S_dekorom/1387/LENNBW20LG/
Глубокая миска  LENNBW20NY,http://posuda-mix.ru/upload/shop_1/1/5/6/item_15673/shop_items_catalog_image15673.png,1 036,RAK (Арабские Эмираты),LENNBW20NY,"20 см., 900 мл.",Фарфоровая посуда > RAK Porcelain (ОАЭ) > С декором > Lea,http://posuda-mix.ru/shop/farfor/RAK/S_dekorom/1387/LENNBW20NY/
Глубокая миска  LENNBW20OR,http://posuda-mix.ru/upload/shop_1/1/5/6/item_15674/shop_items_catalog_image15674.png,1 036,RAK (Арабские Эмираты),LENNBW20OR,"20 см., 900 мл.",Фарфоровая посуда > RAK Porcelain (ОАЭ) > С декором > Lea,http://posuda-mix.ru/shop/farfor/RAK/S_dekorom/1387/LENNBW20OR/
Глубокая миска  LENNBW20RD,http://posuda-mix.ru/upload/shop_1/1/5/6/item_15675/shop_items_catalog_image15675.png,1 036,RAK (Арабские Эмираты),LENNBW20RD,"20 см., 900 мл.",Фарфоровая посуда > RAK Porcelain (ОАЭ) > С декором > Lea,http://posuda-mix.ru/shop/farfor/RAK/S_dekorom/1387/LENNBW20RD/
Глубокая миска  LENNRB16BG,http://posuda-mix.ru/upload/shop_1/1/5/6/item_15692/shop_items_catalog_image15692.png,845,RAK (Арабские Эмираты),LENNRB16BG,"16 см., 580 мл.",Фарфоровая посуда > RAK Porcelain (ОАЭ) > С декором > Lea,http://posuda-mix.ru/shop/farfor/RAK/S_dekorom/1387/LENNRB16BG/
Глубокая миска  LENNRB16DG,http://posuda-mix.ru/upload/shop_1/1/5/6/item_15693/shop_items_catalog_image15693.png,845,RAK (Арабские Эмираты),LENNRB16DG," 16 см., 580 мл.",Фарфоровая посуда > RAK Porcelain (ОАЭ) > С декором > Lea,http://posuda-mix.ru/shop/farfor/RAK/S_dekorom/1387/LENNRB16DG/
Глубокая миска  LENNRB16GY,http://posuda-mix.ru/upload/shop_1/1/5/6/item_15694/shop_items_catalog_image15694.png,845,RAK (Арабские Эмираты),LENNRB16GY,"16 см., 580 мл.",Фарфоровая посуда > RAK Porcelain (ОАЭ) > С декором > Lea,http://posuda-mix.ru/shop/farfor/RAK/S_dekorom/1387/LENNRB16GY/
Глубокая миска  LENNRB16LG,http://posuda-mix.ru/upload/shop_1/1/5/6/item_15695/shop_items_catalog_image15695.png,845,RAK (Арабские Эмираты),LENNRB16LG,"16 см., 580 мл.",Фарфоровая посуда > RAK Porcelain (ОАЭ) > С декором > Lea,http://posuda-mix.ru/shop/farfor/RAK/S_dekorom/1387/LENNRB16LG/
Глубокая миска  LENNRB16NY,http://posuda-mix.ru/upload/shop_1/1/5/6/item_15696/shop_items_catalog_image15696.png,845,RAK (Арабские Эмираты),LENNRB16NY,"16 см., 580 мл.",Фарфоровая посуда > RAK Porcelain (ОАЭ) > С декором > Lea,http://posuda-mix.ru/shop/farfor/RAK/S_dekorom/1387/LENNRB16NY/
Глубокая миска  LENNRB16OR,http://posuda-mix.ru/upload/shop_1/1/5/6/item_15697/shop_items_catalog_image15697.png,845,RAK (Арабские Эмираты),LENNRB16OR,"16 см., 580 мл.",Фарфоровая посуда > RAK Porcelain (ОАЭ) > С декором > Lea,http://posuda-mix.ru/shop/farfor/RAK/S_dekorom/1387/LENNRB16OR/
Глубокая миска  LENNRB16RD,http://posuda-mix.ru/upload/shop_1/1/5/6/item_15698/shop_items_catalog_image15698.png,845,RAK (Арабские Эмираты),LENNRB16RD,"16 см., 580 мл.",Фарфоровая посуда > RAK Porcelain (ОАЭ) > С декором > Lea,http://posuda-mix.ru/shop/farfor/RAK/S_dekorom/1387/LENNRB16RD/
Глубокая тарелка  LEBUBC30BG,http://posuda-mix.ru/upload/shop_1/1/5/6/item_15628/shop_items_catalog_image15628.png,2 329,RAK (Арабские Эмираты),LEBUBC30BG,"30 см., 190 мл.",Фарфоровая посуда > RAK Porcelain (ОАЭ) > С декором > Lea,http://posuda-mix.ru/shop/farfor/RAK/S_dekorom/1387/LEBUBC30BG/
Глубокая тарелка  LEBUBC30BL,http://posuda-mix.ru/upload/shop_1/1/5/6/item_15629/shop_items_catalog_image15629.png,2 329,RAK (Арабские Эмираты),LEBUBC30BL,"30 см., 190 мл.",Фарфоровая посуда > RAK Porcelain (ОАЭ) > С декором > Lea,http://posuda-mix.ru/shop/farfor/RAK/S_dekorom/1387/LEBUBC30BL/
Глубокая тарелка  LEBUBC30DG,http://posuda-mix.ru/upload/shop_1/1/5/6/item_15630/shop_items_catalog_image15630.png,2 329,RAK (Арабские Эмираты),LEBUBC30DG,"30 см., 190 мл.",Фарфоровая посуда > RAK Porcelain (ОАЭ) > С декором > Lea,http://posuda-mix.ru/shop/farfor/RAK/S_dekorom/1387/LEBUBC30DG/
Глубокая тарелка  LEBUBC30GY,http://posuda-mix.ru/upload/shop_1/1/5/6/item_15631/shop_items_catalog_image15631.png,2 329,RAK (Арабские Эмираты),LEBUBC30GY,"30 см., 190 мл.",Фарфоровая посуда > RAK Porcelain (ОАЭ) > С декором > Lea,http://posuda-mix.ru/shop/farfor/RAK/S_dekorom/1387/LEBUBC30GY/
Глубокая тарелка  LEBUBC30LG,http://posuda-mix.ru/upload/shop_1/1/5/6/item_15632/shop_items_catalog_image15632.png,2 329,RAK (Арабские Эмираты),LEBUBC30LG,"30 см., 190 мл.",Фарфоровая посуда > RAK Porcelain (ОАЭ) > С декором > Lea,http://posuda-mix.ru/shop/farfor/RAK/S_dekorom/1387/LEBUBC30LG/
Глубокая тарелка  LEBUBC30NY,http://posuda-mix.ru/upload/shop_1/1/5/6/item_15633/shop_items_catalog_image15633.png,2 329,RAK (Арабские Эмираты),LEBUBC30NY,"30 см., 190 мл.",Фарфоровая посуда > RAK Porcelain (ОАЭ) > С декором > Lea,http://posuda-mix.ru/shop/farfor/RAK/S_dekorom/1387/LEBUBC30NY/
Глубокая тарелка  LEBUBC30OR,http://posuda-mix.ru/upload/shop_1/1/5/6/item_15634/shop_items_catalog_image15634.png,2 329,RAK (Арабские Эмираты),LEBUBC30OR,"30 см., 190 мл.",Фарфоровая посуда > RAK Porcelain (ОАЭ) > С декором > Lea,http://posuda-mix.ru/shop/farfor/RAK/S_dekorom/1387/LEBUBC30OR/
Глубокая тарелка  LEBUBC30RD,http://posuda-mix.ru/upload/shop_1/1/5/6/item_15635/shop_items_catalog_image15635.png,2 329,RAK (Арабские Эмираты),LEBUBC30RD,"30 см., 190 мл.",Фарфоровая посуда > RAK Porcelain (ОАЭ) > С декором > Lea,http://posuda-mix.ru/shop/farfor/RAK/S_dekorom/1387/LEBUBC30RD/
Глубокая тарелка LEBUBC26GY,http://posuda-mix.ru/upload/shop_1/1/6/2/item_16237/shop_items_catalog_image15631.png,1 722,RAK (Арабские Эмираты),LEBUBC26GY,"26 см., 120 мл.",Фарфоровая посуда > RAK Porcelain (ОАЭ) > С декором > Lea,http://posuda-mix.ru/shop/farfor/RAK/S_dekorom/1387/16237/
Глубокая тарелка LEBUBC26BL,http://posuda-mix.ru/upload/shop_1/1/6/2/item_16238/shop_items_catalog_image15629.png,1 722,RAK (Арабские Эмираты),LEBUBC26BL,"26 см., 120 мл.",Фарфоровая посуда > RAK Porcelain (ОАЭ) > С декором > Lea,http://posuda-mix.ru/shop/farfor/RAK/S_dekorom/1387/16238/
Глубокая тарелка  LEBUBC26DG,http://posuda-mix.ru/upload/shop_1/1/6/2/item_16239/shop_items_catalog_image15630.png,1 722,RAK (Арабские Эмираты),LEBUBC26DG,"26 см., 120 мл.",Фарфоровая посуда > RAK Porcelain (ОАЭ) > С декором > Lea,http://posuda-mix.ru/shop/farfor/RAK/S_dekorom/1387/16239/
Глубокая тарелка LEBUBC26LG,http://posuda-mix.ru/upload/shop_1/1/6/2/item_16240/shop_items_catalog_image15632.png,1 722,RAK (Арабские Эмираты),LEBUBC26LG,"26 см., 120 мл.",Фарфоровая посуда > RAK Porcelain (ОАЭ) > С декором > Lea,http://posuda-mix.ru/shop/farfor/RAK/S_dekorom/1387/16240/
Глубокая тарелка LEBUBC26RD,http://posuda-mix.ru/upload/shop_1/1/6/2/item_16241/shop_items_catalog_image15635.png,1 722,RAK (Арабские Эмираты),LEBUBC26RD,"26 см., 120 мл.",Фарфоровая посуда > RAK Porcelain (ОАЭ) > С декором > Lea,http://posuda-mix.ru/shop/farfor/RAK/S_dekorom/1387/16241/
Глубокая тарелка LEBUBC26OR,http://posuda-mix.ru/upload/shop_1/1/6/2/item_16242/shop_items_catalog_image15634.png,1 722,RAK (Арабские Эмираты),LEBUBC26OR,"26 см., 120 мл.",Фарфоровая посуда > RAK Porcelain (ОАЭ) > С декором > Lea,http://posuda-mix.ru/shop/farfor/RAK/S_dekorom/1387/16242/
Глубокая тарелка  LEBUBC26NY,http://posuda-mix.ru/upload/shop_1/1/6/2/item_16243/shop_items_catalog_image15633.png,1 722,RAK (Арабские Эмираты),LEBUBC26NY,"26 см., 120 мл.",Фарфоровая посуда > RAK Porcelain (ОАЭ) > С декором > Lea,http://posuda-mix.ru/shop/farfor/RAK/S_dekorom/1387/16243/
Глубокая тарелка LEBUBC26BG,http://posuda-mix.ru/upload/shop_1/1/6/2/item_16244/shop_items_catalog_image15628.png,1 722,RAK (Арабские Эмираты),LEBUBC26BG,"26 см., 120 мл.",Фарфоровая посуда > RAK Porcelain (ОАЭ) > С декором > Lea,http://posuda-mix.ru/shop/farfor/RAK/S_dekorom/1387/16244/
Квадратная тарелка LEEDSQ30BG,http://posuda-mix.ru/upload/shop_1/1/5/6/item_15660/shop_items_catalog_image15660.png,2 475,RAK (Арабские Эмираты),LEEDSQ30BG,"30,2 см.",Фарфоровая посуда > RAK Porcelain (ОАЭ) > С декором > Lea,http://posuda-mix.ru/shop/farfor/RAK/S_dekorom/1387/LEEDSQ30BG/
Квадратная тарелка LEEDSQ30BL,http://posuda-mix.ru/upload/shop_1/1/5/6/item_15661/shop_items_catalog_image15661.png,2 475,RAK (Арабские Эмираты),LEEDSQ30BL,"30,2 см.",Фарфоровая посуда > RAK Porcelain (ОАЭ) > С декором > Lea,http://posuda-mix.ru/shop/farfor/RAK/S_dekorom/1387/LEEDSQ30BL/
Квадратная тарелка LEEDSQ30DG,http://posuda-mix.ru/upload/shop_1/1/5/6/item_15662/shop_items_catalog_image15662.png,2 475,RAK (Арабские Эмираты),LEEDSQ30DG," 30,2 см.",Фарфоровая посуда > RAK Porcelain (ОАЭ) > С декором > Lea,http://posuda-mix.ru/shop/farfor/RAK/S_dekorom/1387/LEEDSQ30DG/
Квадратная тарелка LEEDSQ30GY,http://posuda-mix.ru/upload/shop_1/1/5/6/item_15663/shop_items_catalog_image15663.png,2 475,RAK (Арабские Эмираты),LEEDSQ30GY," 30,2 см.",Фарфоровая посуда > RAK Porcelain (ОАЭ) > С декором > Lea,http://posuda-mix.ru/shop/farfor/RAK/S_dekorom/1387/LEEDSQ30GY/
Квадратная тарелка LEEDSQ30LG,http://posuda-mix.ru/upload/shop_1/1/5/6/item_15664/shop_items_catalog_image15664.png,2 475,RAK (Арабские Эмираты),LEEDSQ30LG,"30,2 см.",Фарфоровая посуда > RAK Porcelain (ОАЭ) > С декором > Lea,http://posuda-mix.ru/shop/farfor/RAK/S_dekorom/1387/LEEDSQ30LG/
Квадратная тарелка LEEDSQ30NY,http://posuda-mix.ru/upload/shop_1/1/5/6/item_15665/shop_items_catalog_image15665.png,2 475,RAK (Арабские Эмираты),LEEDSQ30NY,"30,2 см.",Фарфоровая посуда > RAK Porcelain (ОАЭ) > С декором > Lea,http://posuda-mix.ru/shop/farfor/RAK/S_dekorom/1387/LEEDSQ30NY/
Квадратная тарелка LEEDSQ30OR,http://posuda-mix.ru/upload/shop_1/1/5/6/item_15666/shop_items_catalog_image15666.png,2 475,RAK (Арабские Эмираты),LEEDSQ30OR,"30,2 см",Фарфоровая посуда > RAK Porcelain (ОАЭ) > С декором > Lea,http://posuda-mix.ru/shop/farfor/RAK/S_dekorom/1387/LEEDSQ30OR/
Квадратная тарелка LEEDSQ30RD,http://posuda-mix.ru/upload/shop_1/1/5/6/item_15667/shop_items_catalog_image15667.png,2 475,RAK (Арабские Эмираты),LEEDSQ30RD,"30,2 см.",Фарфоровая посуда > RAK Porcelain (ОАЭ) > С декором > Lea,http://posuda-mix.ru/shop/farfor/RAK/S_dekorom/1387/LEEDSQ30RD/
Овальная тарелка LENNOP36BG,http://posuda-mix.ru/upload/shop_1/1/5/6/item_15676/shop_items_catalog_image15676.png,1 837,RAK (Арабские Эмираты),LENNOP36BG, 36х27 см.,Фарфоровая посуда > RAK Porcelain (ОАЭ) > С декором > Lea,http://posuda-mix.ru/shop/farfor/RAK/S_dekorom/1387/LENNOP36BG/
Овальная тарелка LENNOP36BL,http://posuda-mix.ru/upload/shop_1/1/5/6/item_15677/shop_items_catalog_image15677.png,1 837,RAK (Арабские Эмираты),LENNOP36BL,36х27 см.,Фарфоровая посуда > RAK Porcelain (ОАЭ) > С декором > Lea,http://posuda-mix.ru/shop/farfor/RAK/S_dekorom/1387/LENNOP36BL/
Овальная тарелка LENNOP36DG,http://posuda-mix.ru/upload/shop_1/1/5/6/item_15678/shop_items_catalog_image15678.png,1 837,RAK (Арабские Эмираты),LENNOP36DG,36х27 см.,Фарфоровая посуда > RAK Porcelain (ОАЭ) > С декором > Lea,http://posuda-mix.ru/shop/farfor/RAK/S_dekorom/1387/LENNOP36DG/
Овальная тарелка LENNOP36GY,http://posuda-mix.ru/upload/shop_1/1/5/6/item_15679/shop_items_catalog_image15679.png,1 837,RAK (Арабские Эмираты),LENNOP36GY,36х27 см.,Фарфоровая посуда > RAK Porcelain (ОАЭ) > С декором > Lea,http://posuda-mix.ru/shop/farfor/RAK/S_dekorom/1387/LENNOP36GY/
Овальная тарелка LENNOP36LG,http://posuda-mix.ru/upload/shop_1/1/5/6/item_15680/shop_items_catalog_image15680.png,1 837,RAK (Арабские Эмираты),LENNOP36LG,36х27 см.,Фарфоровая посуда > RAK Porcelain (ОАЭ) > С декором > Lea,http://posuda-mix.ru/shop/farfor/RAK/S_dekorom/1387/LENNOP36LG/
Овальная тарелка LENNOP36NY,http://posuda-mix.ru/upload/shop_1/1/5/6/item_15681/shop_items_catalog_image15681.png,1 837,RAK (Арабские Эмираты),LENNOP36NY,36х27 см.,Фарфоровая посуда > RAK Porcelain (ОАЭ) > С декором > Lea,http://posuda-mix.ru/shop/farfor/RAK/S_dekorom/1387/LENNOP36NY/
Овальная тарелка LENNOP36OR,http://posuda-mix.ru/upload/shop_1/1/5/6/item_15682/shop_items_catalog_image15682.png,1 837,RAK (Арабские Эмираты),LENNOP36OR,36х27 см.,Фарфоровая посуда > RAK Porcelain (ОАЭ) > С декором > Lea,http://posuda-mix.ru/shop/farfor/RAK/S_dekorom/1387/LENNOP36OR/
Овальная тарелка LENNOP36RD,http://posuda-mix.ru/upload/shop_1/1/5/6/item_15683/shop_items_catalog_image15683.png,1 837,RAK (Арабские Эмираты),LENNOP36RD,36х27 см.,Фарфоровая посуда > RAK Porcelain (ОАЭ) > С декором > Lea,http://posuda-mix.ru/shop/farfor/RAK/S_dekorom/1387/LENNOP36RD/
Овальная тарелка  LENNOP32GY,http://posuda-mix.ru/upload/shop_1/1/6/2/item_16245/shop_items_catalog_image15679.png,1 614,RAK (Арабские Эмираты),LENNOP32GY,32х23 см.,Фарфоровая посуда > RAK Porcelain (ОАЭ) > С декором > Lea,http://posuda-mix.ru/shop/farfor/RAK/S_dekorom/1387/16245/
Овальная тарелка  LENNOP26GY,http://posuda-mix.ru/upload/shop_1/1/6/2/item_16246/shop_items_catalog_image15679.png,1 115,RAK (Арабские Эмираты),LENNOP26GY,26х19 см.,Фарфоровая посуда > RAK Porcelain (ОАЭ) > С декором > Lea,http://posuda-mix.ru/shop/farfor/RAK/S_dekorom/1387/16246/
Овальная тарелка  LENNOP32BL,http://posuda-mix.ru/upload/shop_1/1/6/2/item_16247/shop_items_catalog_image15677.png,1 614,RAK (Арабские Эмираты),LENNOP32BL,32х23 см.,Фарфоровая посуда > RAK Porcelain (ОАЭ) > С декором > Lea,http://posuda-mix.ru/shop/farfor/RAK/S_dekorom/1387/16247/
Овальная тарелка LENNOP26BL,http://posuda-mix.ru/upload/shop_1/1/6/2/item_16248/shop_items_catalog_image15677.png,1 115,RAK (Арабские Эмираты),LENNOP26BL,26x19 см.,Фарфоровая посуда > RAK Porcelain (ОАЭ) > С декором > Lea,http://posuda-mix.ru/shop/farfor/RAK/S_dekorom/1387/16248/
Овальная тарелка LENNOP32DG,http://posuda-mix.ru/upload/shop_1/1/6/2/item_16249/shop_items_catalog_image15678.png,1 614,RAK (Арабские Эмираты),LENNOP32DG,32x23 см.,Фарфоровая посуда > RAK Porcelain (ОАЭ) > С декором > Lea,http://posuda-mix.ru/shop/farfor/RAK/S_dekorom/1387/16249/
Овальная тарелка LENNOP26DG,http://posuda-mix.ru/upload/shop_1/1/6/2/item_16250/shop_items_catalog_image15678.png,1 115,RAK (Арабские Эмираты),LENNOP26DG,26x19 см,Фарфоровая посуда > RAK Porcelain (ОАЭ) > С декором > Lea,http://posuda-mix.ru/shop/farfor/RAK/S_dekorom/1387/16250/
Овальная тарелка  LENNOP32LG,http://posuda-mix.ru/upload/shop_1/1/6/2/item_16251/shop_items_catalog_image15680.png,1 614,RAK (Арабские Эмираты),LENNOP32LG,32x23 см.,Фарфоровая посуда > RAK Porcelain (ОАЭ) > С декором > Lea,http://posuda-mix.ru/shop/farfor/RAK/S_dekorom/1387/16251/
Овальная тарелка LENNOP26LG,http://posuda-mix.ru/upload/shop_1/1/6/2/item_16252/shop_items_catalog_image15680.png,1 115,RAK (Арабские Эмираты),LENNOP26LG,26х19 см.,Фарфоровая посуда > RAK Porcelain (ОАЭ) > С декором > Lea,http://posuda-mix.ru/shop/farfor/RAK/S_dekorom/1387/16252/
Овальная тарелка LENNOP32RD,http://posuda-mix.ru/upload/shop_1/1/6/2/item_16253/shop_items_catalog_image15683.png,1 614,RAK (Арабские Эмираты),LENNOP32RD,32x23 см.,Фарфоровая посуда > RAK Porcelain (ОАЭ) > С декором > Lea,http://posuda-mix.ru/shop/farfor/RAK/S_dekorom/1387/16253/
Овальная тарелка LENNOP26RD,http://posuda-mix.ru/upload/shop_1/1/6/2/item_16254/shop_items_catalog_image15683.png,1 115,RAK (Арабские Эмираты),LENNOP26RD,26х19 см.,Фарфоровая посуда > RAK Porcelain (ОАЭ) > С декором > Lea,http://posuda-mix.ru/shop/farfor/RAK/S_dekorom/1387/16254/
Овальная тарелка LENNOP32OR,http://posuda-mix.ru/upload/shop_1/1/6/2/item_16255/shop_items_catalog_image15682.png,1 614,RAK (Арабские Эмираты),LENNOP32OR,32х23 см.,Фарфоровая посуда > RAK Porcelain (ОАЭ) > С декором > Lea,http://posuda-mix.ru/shop/farfor/RAK/S_dekorom/1387/16255/
Овальная тарелка LENNOP26OR,http://posuda-mix.ru/upload/shop_1/1/6/2/item_16256/shop_items_catalog_image15682.png,1 115,RAK (Арабские Эмираты),LENNOP26OR,26x19 см.,Фарфоровая посуда > RAK Porcelain (ОАЭ) > С декором > Lea,http://posuda-mix.ru/shop/farfor/RAK/S_dekorom/1387/16256/
Овальная тарелка LENNOP32NY,http://posuda-mix.ru/upload/shop_1/1/6/2/item_16257/shop_items_catalog_image15681.png,1 614,RAK (Арабские Эмираты),LENNOP32NY,32x23 см.,Фарфоровая посуда > RAK Porcelain (ОАЭ) > С декором > Lea,http://posuda-mix.ru/shop/farfor/RAK/S_dekorom/1387/16257/
Овальная тарелка LENNOP26NY,http://posuda-mix.ru/upload/shop_1/1/6/2/item_16258/shop_items_catalog_image15681.png,1 115,RAK (Арабские Эмираты),LENNOP26NY,26x19 см.,Фарфоровая посуда > RAK Porcelain (ОАЭ) > С декором > Lea,http://posuda-mix.ru/shop/farfor/RAK/S_dekorom/1387/16258/
Овальная тарелка  LENNOP32BG,http://posuda-mix.ru/upload/shop_1/1/6/2/item_16259/shop_items_catalog_image15676.png,1 614,RAK (Арабские Эмираты),LENNOP32BG,32x23 см.,Фарфоровая посуда > RAK Porcelain (ОАЭ) > С декором > Lea,http://posuda-mix.ru/shop/farfor/RAK/S_dekorom/1387/16259/
Овальная тарелка  LENNOP26BG,http://posuda-mix.ru/upload/shop_1/1/6/2/item_16260/shop_items_catalog_image15676.png,1 115,RAK (Арабские Эмираты),LENNOP26BG,26x19 см.,Фарфоровая посуда > RAK Porcelain (ОАЭ) > С декором > Lea,http://posuda-mix.ru/shop/farfor/RAK/S_dekorom/1387/16260/
Плоская тарелка LENNPR31BG,http://posuda-mix.ru/upload/shop_1/1/5/6/item_15684/shop_items_catalog_image15684.png,1 522,RAK (Арабские Эмираты),LENNPR31BG,31 см.,Фарфоровая посуда > RAK Porcelain (ОАЭ) > С декором > Lea,http://posuda-mix.ru/shop/farfor/RAK/S_dekorom/1387/LENNPR31BG/
Плоская тарелка LENNPR29BG,http://posuda-mix.ru/upload/shop_1/1/6/2/item_16231/shop_items_catalog_image15684.png,1 322,RAK (Арабские Эмираты),LENNPR29BG,29 см.,Фарфоровая посуда > RAK Porcelain (ОАЭ) > С декором > Lea,http://posuda-mix.ru/shop/farfor/RAK/S_dekorom/1387/16231/
Плоская тарелка  LENNPR27BG,http://posuda-mix.ru/upload/shop_1/1/6/2/item_16232/shop_items_catalog_image15684.png,934,RAK (Арабские Эмираты),LENNPR27BG,27 см.,Фарфоровая посуда > RAK Porcelain (ОАЭ) > С декором > Lea,http://posuda-mix.ru/shop/farfor/RAK/S_dekorom/1387/16232/
Плоская тарелка LENNPR24BG,http://posuda-mix.ru/upload/shop_1/1/6/2/item_16233/shop_items_catalog_image15684.png,635,RAK (Арабские Эмираты),LENNPR24BG,24 см.,Фарфоровая посуда > RAK Porcelain (ОАЭ) > С декором > Lea,http://posuda-mix.ru/shop/farfor/RAK/S_dekorom/1387/16233/
Плоская тарелка LENNPR21BG,http://posuda-mix.ru/upload/shop_1/1/6/2/item_16234/shop_items_catalog_image15684.png,588,RAK (Арабские Эмираты),LENNPR21BG,21 см.,Фарфоровая посуда > RAK Porcelain (ОАЭ) > С декором > Lea,http://posuda-mix.ru/shop/farfor/RAK/S_dekorom/1387/16234/
Плоская тарелка LENNPR18BG,http://posuda-mix.ru/upload/shop_1/1/6/2/item_16235/shop_items_catalog_image15684.png,521,RAK (Арабские Эмираты),LENNPR18BG,18 см.,Фарфоровая посуда > RAK Porcelain (ОАЭ) > С декором > Lea,http://posuda-mix.ru/shop/farfor/RAK/S_dekorom/1387/16235/
Плоская тарелка LENNPR15BG,http://posuda-mix.ru/upload/shop_1/1/6/2/item_16236/shop_items_catalog_image15684.png,471,RAK (Арабские Эмираты),LENNPR15BG,15 см.,Фарфоровая посуда > RAK Porcelain (ОАЭ) > С декором > Lea,http://posuda-mix.ru/shop/farfor/RAK/S_dekorom/1387/16236/
Прямоугольная сервировочная тарелка LEEDRG33BG,http://posuda-mix.ru/upload/shop_1/1/5/6/item_15652/shop_items_catalog_image15652.png,1 770,RAK (Арабские Эмираты),LEEDRG33BG,"33,5x18,1 см.",Фарфоровая посуда > RAK Porcelain (ОАЭ) > С декором > Lea,http://posuda-mix.ru/shop/farfor/RAK/S_dekorom/1387/LEEDRG33BG/
Прямоугольная сервировочная тарелка LEEDRG33BL,http://posuda-mix.ru/upload/shop_1/1/5/6/item_15653/shop_items_catalog_image15653.png,1 770,RAK (Арабские Эмираты),LEEDRG33BL,"33,5x18,1 см.",Фарфоровая посуда > RAK Porcelain (ОАЭ) > С декором > Lea,http://posuda-mix.ru/shop/farfor/RAK/S_dekorom/1387/LEEDRG33BL/
Прямоугольная сервировочная тарелка LEEDRG33DG,http://posuda-mix.ru/upload/shop_1/1/5/6/item_15654/shop_items_catalog_image15654.png,1 770,RAK (Арабские Эмираты),LEEDRG33DG,"33,5x18,1 см.",Фарфоровая посуда > RAK Porcelain (ОАЭ) > С декором > Lea,http://posuda-mix.ru/shop/farfor/RAK/S_dekorom/1387/LEEDRG33DG/
Прямоугольная сервировочная тарелка LEEDRG33LG,http://posuda-mix.ru/upload/shop_1/1/5/6/item_15656/shop_items_catalog_image15656.png,1 770,RAK (Арабские Эмираты),LEEDRG33LG,"33,5x18,1 см.",Фарфоровая посуда > RAK Porcelain (ОАЭ) > С декором > Lea,http://posuda-mix.ru/shop/farfor/RAK/S_dekorom/1387/LEEDRG33LG/
Прямоугольная сервировочная тарелка LEEDRG33NY,http://posuda-mix.ru/upload/shop_1/1/5/6/item_15657/shop_items_catalog_image15657.png,1 770,RAK (Арабские Эмираты),LEEDRG33NY,"33,5x18,1 см.",Фарфоровая посуда > RAK Porcelain (ОАЭ) > С декором > Lea,http://posuda-mix.ru/shop/farfor/RAK/S_dekorom/1387/LEEDRG33NY/
